start_id,start_geoid,start_lat,start_lon,end_id,end_geoid,end_lat,end_lon,density
0,39049000110,+40.0589918,-083.0127611,69,39049005500,+39.9460765,-082.9603156,3.0
1,39049000120,+40.0510465,-083.0236812,276,39049010200,+39.8881595,-082.8310039,3.0
3,39049000220,+40.0369883,-083.0113311,164,39049007534,+40.0325524,-082.9464802,3.0
4,39049000310,+40.0361932,-082.9938588,212,39049008720,+39.9252119,-082.9684863,1.0
4,39049000310,+40.0361932,-082.9938588,223,39049009210,+39.9785878,-082.8767518,2.0
4,39049000310,+40.0361932,-082.9938588,265,39049009600,+39.8889368,-083.1000182,2.0
5,39049000320,+40.0381592,-082.9834210,109,39049006821,+40.0693498,-083.0255247,1.0
5,39049000320,+40.0381592,-082.9834210,245,39049009371,+39.9432855,-082.8386795,2.0
6,39049000330,+40.0278720,-082.9858868,13,39049000730,+40.0050776,-082.9736696,2.0
6,39049000330,+40.0278720,-082.9858868,99,39049006395,+40.0703960,-083.0864651,2.0
6,39049000330,+40.0278720,-082.9858868,146,39049007209,+40.0672159,-082.8541782,3.0
6,39049000330,+40.0278720,-082.9858868,150,39049007395,+39.9905848,-082.8081891,1.0
6,39049000330,+40.0278720,-082.9858868,260,39049009450,+39.8465890,-082.8213099,3.0
7,39049000410,+40.0289957,-083.0194484,18,39049001000,+40.0096828,-083.0031623,2.0
7,39049000410,+40.0289957,-083.0194484,38,39049002600,+39.9883334,-082.9252448,1.0
7,39049000410,+40.0289957,-083.0194484,155,39049007427,+40.0046374,-082.8564221,3.0
9,39049000500,+40.0208195,-083.0082107,187,39049008120,+39.9469893,-083.1294798,3.0
9,39049000500,+40.0208195,-083.0082107,223,39049009210,+39.9785878,-082.8767518,3.0
10,39049000600,+40.0158960,-083.0059730,117,39049006933,+40.0634418,-082.9653429,1.0
10,39049000600,+40.0158960,-083.0059730,193,39049008163,+39.9404250,-083.1362465,2.0
11,39049000710,+40.0192278,-082.9890673,121,39049006945,+40.0925469,-082.9580378,2.0
11,39049000710,+40.0192278,-082.9890673,248,39049009374,+39.9255728,-082.8288008,1.0
12,39049000720,+40.0046846,-082.9869745,190,39049008142,+39.9693378,-083.1406324,2.0
13,39049000730,+40.0050776,-082.9736696,109,39049006821,+40.0693498,-083.0255247,3.0
13,39049000730,+40.0050776,-082.9736696,279,39049010500,+40.1098381,-083.1427495,2.0
14,39049000810,+40.0265433,-082.9761993,91,39049006383,+40.1225062,-083.0948987,3.0
14,39049000810,+40.0265433,-082.9761993,99,39049006395,+40.0703960,-083.0864651,3.0
14,39049000810,+40.0265433,-082.9761993,187,39049008120,+39.9469893,-083.1294798,2.0
14,39049000810,+40.0265433,-082.9761993,197,39049008241,+39.9766892,-083.0785065,1.0
15,39049000820,+40.0257183,-082.9631919,116,39049006932,+40.0729849,-082.9636949,3.0
15,39049000820,+40.0257183,-082.9631919,191,39049008161,+39.9003778,-083.1397256,3.0
15,39049000820,+40.0257183,-082.9631919,249,39049009381,+39.9689202,-082.8132180,2.0
16,39049000910,+40.0162410,-082.9733326,128,39049007044,+40.1298195,-083.0048612,2.0
16,39049000910,+40.0162410,-082.9733326,146,39049007209,+40.0672159,-082.8541782,1.0
17,39049000920,+40.0163266,-082.9626323,109,39049006821,+40.0693498,-083.0255247,3.0
17,39049000920,+40.0163266,-082.9626323,269,39049009740,+39.8422511,-083.0395690,3.0
18,39049001000,+40.0096828,-083.0031623,247,39049009373,+39.9147343,-082.8492315,3.0
19,39049001110,+40.0091635,-083.0142462,13,39049000730,+40.0050776,-082.9736696,2.0
19,39049001110,+40.0091635,-083.0142462,56,39049004500,+39.9583312,-083.0663570,2.0
19,39049001110,+40.0091635,-083.0142462,151,39049007396,+40.0133020,-082.7937913,3.0
19,39049001110,+40.0091635,-083.0142462,164,39049007534,+40.0325524,-082.9464802,2.0
20,39049001121,+39.9998914,-083.0128050,278,39049010400,+40.1246594,-083.1607484,2.0
21,39049001122,+40.0126073,-083.0330559,247,39049009373,+39.9147343,-082.8492315,3.0
22,39049001200,+40.0038089,-083.0017603,166,39049007551,+40.0258470,-082.9209676,2.0
22,39049001200,+40.0038089,-083.0017603,225,39049009230,+39.9638341,-082.8914879,3.0
22,39049001200,+40.0038089,-083.0017603,249,39049009381,+39.9689202,-082.8132180,2.0
23,39049001300,+39.9983165,-083.0011748,136,39049007132,+40.0701570,-082.8813197,2.0
23,39049001300,+39.9983165,-083.0011748,196,39049008230,+39.9464381,-083.1161246,3.0
23,39049001300,+39.9983165,-083.0011748,265,39049009600,+39.8889368,-083.1000182,3.0
23,39049001300,+39.9983165,-083.0011748,278,39049010400,+40.1246594,-083.1607484,2.0
24,39049001400,+39.9952118,-082.9871075,188,39049008132,+39.9413151,-083.1492604,2.0
24,39049001400,+39.9952118,-082.9871075,233,39049009325,+39.9269569,-082.8814506,2.0
25,39049001500,+39.9916118,-082.9778815,77,39049006100,+39.9255085,-082.9905758,3.0
25,39049001500,+39.9916118,-082.9778815,160,39049007520,+40.0176977,-082.9471745,3.0
25,39049001500,+39.9916118,-082.9778815,198,39049008242,+39.9786000,-083.0960723,3.0
26,39049001600,+39.9913243,-082.9979222,117,39049006933,+40.0634418,-082.9653429,3.0
28,39049001810,+39.9922086,-083.0116136,69,39049005500,+39.9460765,-082.9603156,3.0
28,39049001810,+39.9922086,-083.0116136,146,39049007209,+40.0672159,-082.8541782,3.0
28,39049001810,+39.9922086,-083.0116136,190,39049008142,+39.9693378,-083.1406324,2.0
28,39049001810,+39.9922086,-083.0116136,248,39049009374,+39.9255728,-082.8288008,3.0
29,39049001820,+39.9879140,-083.0142071,136,39049007132,+40.0701570,-082.8813197,2.0
29,39049001820,+39.9879140,-083.0142071,166,39049007551,+40.0258470,-082.9209676,2.0
29,39049001820,+39.9879140,-083.0142071,258,39049009430,+39.8982554,-082.9094211,3.0
30,39049001901,+39.9862065,-083.0306583,38,39049002600,+39.9883334,-082.9252448,3.0
30,39049001901,+39.9862065,-083.0306583,184,39049007954,+39.9957830,-083.1449176,2.0
31,39049001902,+39.9891497,-083.0475533,13,39049000730,+40.0050776,-082.9736696,2.0
31,39049001902,+39.9891497,-083.0475533,117,39049006933,+40.0634418,-082.9653429,3.0
31,39049001902,+39.9891497,-083.0475533,184,39049007954,+39.9957830,-083.1449176,2.0
32,39049002000,+39.9820617,-083.0140758,89,39049006371,+40.0870733,-083.1021360,2.0
32,39049002000,+39.9820617,-083.0140758,146,39049007209,+40.0672159,-082.8541782,1.0
33,39049002100,+39.9788975,-083.0072144,18,39049001000,+40.0096828,-083.0031623,3.0
33,39049002100,+39.9788975,-083.0072144,164,39049007534,+40.0325524,-082.9464802,3.0
33,39049002100,+39.9788975,-083.0072144,245,39049009371,+39.9432855,-082.8386795,3.0
34,39049002200,+39.9826700,-082.9996446,247,39049009373,+39.9147343,-082.8492315,3.0
34,39049002200,+39.9826700,-082.9996446,279,39049010500,+40.1098381,-083.1427495,2.0
35,39049002300,+39.9814177,-082.9723053,184,39049007954,+39.9957830,-083.1449176,2.0
35,39049002300,+39.9814177,-082.9723053,188,39049008132,+39.9413151,-083.1492604,2.0
35,39049002300,+39.9814177,-082.9723053,199,39049008311,+39.9417347,-083.1024707,3.0
35,39049002300,+39.9814177,-082.9723053,240,39049009337,+39.9212215,-082.9106815,2.0
36,39049002510,+39.9904547,-082.9524993,18,39049001000,+40.0096828,-083.0031623,3.0
36,39049002510,+39.9904547,-082.9524993,151,39049007396,+40.0133020,-082.7937913,2.0
37,39049002520,+39.9752413,-082.9524679,69,39049005500,+39.9460765,-082.9603156,3.0
37,39049002520,+39.9752413,-082.9524679,109,39049006821,+40.0693498,-083.0255247,3.0
37,39049002520,+39.9752413,-082.9524679,279,39049010500,+40.1098381,-083.1427495,2.0
38,39049002600,+39.9883334,-082.9252448,88,39049006353,+40.0585940,-083.0694503,3.0
38,39049002600,+39.9883334,-082.9252448,150,39049007395,+39.9905848,-082.8081891,3.0
39,39049002710,+39.9799914,-082.9192524,25,39049001500,+39.9916118,-082.9778815,3.0
39,39049002710,+39.9799914,-082.9192524,269,39049009740,+39.8422511,-083.0395690,3.0
39,39049002710,+39.9799914,-082.9192524,279,39049010500,+40.1098381,-083.1427495,2.0
40,39049002730,+39.9708868,-082.9101723,13,39049000730,+40.0050776,-082.9736696,2.0
41,39049002740,+39.9691558,-082.9184186,16,39049000910,+40.0162410,-082.9733326,2.0
41,39049002740,+39.9691558,-082.9184186,18,39049001000,+40.0096828,-083.0031623,1.0
41,39049002740,+39.9691558,-082.9184186,63,39049005000,+39.9539794,-083.0297042,2.0
41,39049002740,+39.9691558,-082.9184186,249,39049009381,+39.9689202,-082.8132180,2.0
42,39049002750,+39.9629669,-082.9081509,25,39049001500,+39.9916118,-082.9778815,2.0
42,39049002750,+39.9629669,-082.9081509,25,39049001500,+39.9916118,-082.9778815,5.0
42,39049002750,+39.9629669,-082.9081509,116,39049006932,+40.0729849,-082.9636949,3.0
42,39049002750,+39.9629669,-082.9081509,168,39049007721,+40.0550543,-082.9665635,3.0
42,39049002750,+39.9629669,-082.9081509,205,39049008350,+39.9244034,-083.1061950,2.0
44,39049002770,+39.9516772,-082.9101679,69,39049005500,+39.9460765,-082.9603156,2.0
44,39049002770,+39.9516772,-082.9101679,121,39049006945,+40.0925469,-082.9580378,3.0
44,39049002770,+39.9516772,-082.9101679,151,39049007396,+40.0133020,-082.7937913,2.0
44,39049002770,+39.9516772,-082.9101679,247,39049009373,+39.9147343,-082.8492315,1.0
44,39049002770,+39.9516772,-082.9101679,279,39049010500,+40.1098381,-083.1427495,2.0
45,39049002780,+39.9439852,-082.9288221,55,39049004300,+39.9690009,-083.0471008,3.0
45,39049002780,+39.9439852,-082.9288221,187,39049008120,+39.9469893,-083.1294798,3.0
45,39049002780,+39.9439852,-082.9288221,196,39049008230,+39.9464381,-083.1161246,3.0
45,39049002780,+39.9439852,-082.9288221,276,39049010200,+39.8881595,-082.8310039,3.0
46,39049002800,+39.9730449,-082.9648487,151,39049007396,+40.0133020,-082.7937913,2.0
48,39049003000,+39.9710932,-082.9937788,260,39049009450,+39.8465890,-082.8213099,3.0
48,39049003000,+39.9710932,-082.9937788,278,39049010400,+40.1246594,-083.1607484,2.0
49,39049003200,+39.9714198,-083.0133641,18,39049001000,+40.0096828,-083.0031623,3.0
49,39049003200,+39.9714198,-083.0133641,128,39049007044,+40.1298195,-083.0048612,3.0
49,39049003200,+39.9714198,-083.0133641,136,39049007132,+40.0701570,-082.8813197,2.0
49,39049003200,+39.9714198,-083.0133641,164,39049007534,+40.0325524,-082.9464802,2.0
49,39049003200,+39.9714198,-083.0133641,166,39049007551,+40.0258470,-082.9209676,3.0
50,39049003600,+39.9685662,-082.9752006,115,39049006931,+40.0817154,-082.9672126,3.0
50,39049003600,+39.9685662,-082.9752006,233,39049009325,+39.9269569,-082.8814506,2.0
50,39049003600,+39.9685662,-082.9752006,240,39049009337,+39.9212215,-082.9106815,2.0
51,39049003700,+39.9627013,-082.9535872,38,39049002600,+39.9883334,-082.9252448,1.0
51,39049003700,+39.9627013,-082.9535872,188,39049008132,+39.9413151,-083.1492604,2.0
51,39049003700,+39.9627013,-082.9535872,192,39049008162,+39.9193520,-083.1964122,2.0
51,39049003700,+39.9627013,-082.9535872,278,39049010400,+40.1246594,-083.1607484,2.0
52,39049003800,+39.9628511,-082.9736398,56,39049004500,+39.9583312,-083.0663570,3.0
52,39049003800,+39.9628511,-082.9736398,190,39049008142,+39.9693378,-083.1406324,2.0
52,39049003800,+39.9628511,-082.9736398,223,39049009210,+39.9785878,-082.8767518,3.0
52,39049003800,+39.9628511,-082.9736398,249,39049009381,+39.9689202,-082.8132180,2.0
53,39049004000,+39.9578076,-082.9938952,269,39049009740,+39.8422511,-083.0395690,3.0
55,39049004300,+39.9690009,-083.0471008,247,39049009373,+39.9147343,-082.8492315,3.0
57,39049004610,+39.9481019,-083.0842653,258,39049009430,+39.8982554,-082.9094211,3.0
59,39049004700,+39.9501843,-083.0636491,47,39049002900,+39.9757645,-082.9751700,2.0
59,39049004700,+39.9501843,-083.0636491,199,39049008311,+39.9417347,-083.1024707,3.0
60,39049004810,+39.9402282,-083.0742032,117,39049006933,+40.0634418,-082.9653429,3.0
60,39049004810,+39.9402282,-083.0742032,131,39049007112,+40.0723936,-082.9426101,2.0
61,39049004820,+39.9419896,-083.0619677,205,39049008350,+39.9244034,-083.1061950,2.0
62,39049004900,+39.9483071,-083.0478798,191,39049008161,+39.9003778,-083.1397256,3.0
63,39049005000,+39.9539794,-083.0297042,134,39049007115,+40.0869438,-082.9401113,2.0
63,39049005000,+39.9539794,-083.0297042,196,39049008230,+39.9464381,-083.1161246,3.0
64,39049005100,+39.9427460,-083.0214223,88,39049006353,+40.0585940,-083.0694503,3.0
64,39049005100,+39.9427460,-083.0214223,89,39049006371,+40.0870733,-083.1021360,3.0
64,39049005100,+39.9427460,-083.0214223,188,39049008132,+39.9413151,-083.1492604,2.0
65,39049005200,+39.9504115,-082.9926051,38,39049002600,+39.9883334,-082.9252448,3.0
65,39049005200,+39.9504115,-082.9926051,155,39049007427,+40.0046374,-082.8564221,3.0
65,39049005200,+39.9504115,-082.9926051,166,39049007551,+40.0258470,-082.9209676,2.0
65,39049005200,+39.9504115,-082.9926051,205,39049008350,+39.9244034,-083.1061950,2.0
66,39049005300,+39.9553231,-082.9740477,151,39049007396,+40.0133020,-082.7937913,3.0
67,39049005410,+39.9555588,-082.9538281,16,39049000910,+40.0162410,-082.9733326,3.0
67,39049005410,+39.9555588,-082.9538281,59,39049004700,+39.9501843,-083.0636491,3.0
67,39049005410,+39.9555588,-082.9538281,79,39049006230,+40.0793948,-083.1737874,3.0
67,39049005410,+39.9555588,-082.9538281,174,39049007820,+40.0219457,-083.0264862,2.0
67,39049005410,+39.9555588,-082.9538281,198,39049008242,+39.9786000,-083.0960723,2.0
68,39049005420,+39.9511046,-082.9555735,146,39049007209,+40.0672159,-082.8541782,3.0
68,39049005420,+39.9511046,-082.9555735,194,39049008164,+39.9338674,-083.1338778,3.0
68,39049005420,+39.9511046,-082.9555735,269,39049009740,+39.8422511,-083.0395690,3.0
69,39049005500,+39.9460765,-082.9603156,278,39049010400,+40.1246594,-083.1607484,2.0
70,39049005610,+39.9473894,-082.9781077,174,39049007820,+40.0219457,-083.0264862,2.0
71,39049005620,+39.9399965,-082.9784131,131,39049007112,+40.0723936,-082.9426101,2.0
71,39049005620,+39.9399965,-082.9784131,279,39049010500,+40.1098381,-083.1427495,2.0
72,39049005700,+39.9456757,-082.9987751,192,39049008162,+39.9193520,-083.1964122,3.0
74,39049005820,+39.9322038,-082.9909595,90,39049006372,+40.0696870,-083.0994840,3.0
75,39049005900,+39.9391312,-082.9688229,115,39049006931,+40.0817154,-082.9672126,3.0
75,39049005900,+39.9391312,-082.9688229,128,39049007044,+40.1298195,-083.0048612,3.0
75,39049005900,+39.9391312,-082.9688229,212,39049008720,+39.9252119,-082.9684863,1.0
75,39049005900,+39.9391312,-082.9688229,260,39049009450,+39.8465890,-082.8213099,2.0
76,39049006000,+39.9317195,-082.9775299,63,39049005000,+39.9539794,-083.0297042,2.0
76,39049006000,+39.9317195,-082.9775299,212,39049008720,+39.9252119,-082.9684863,3.0
76,39049006000,+39.9317195,-082.9775299,249,39049009381,+39.9689202,-082.8132180,2.0
76,39049006000,+39.9317195,-082.9775299,279,39049010500,+40.1098381,-083.1427495,2.0
77,39049006100,+39.9255085,-082.9905758,128,39049007044,+40.1298195,-083.0048612,3.0
77,39049006100,+39.9255085,-082.9905758,131,39049007112,+40.0723936,-082.9426101,2.0
77,39049006100,+39.9255085,-082.9905758,205,39049008350,+39.9244034,-083.1061950,2.0
78,39049006220,+40.0869285,-083.1281944,90,39049006372,+40.0696870,-083.0994840,3.0
78,39049006220,+40.0869285,-083.1281944,116,39049006932,+40.0729849,-082.9636949,3.0
78,39049006220,+40.0869285,-083.1281944,247,39049009373,+39.9147343,-082.8492315,3.0
80,39049006236,+40.1319019,-083.1384513,188,39049008132,+39.9413151,-083.1492604,2.0
80,39049006236,+40.1319019,-083.1384513,276,39049010200,+39.8881595,-082.8310039,3.0
81,39049006310,+40.0383407,-083.0826530,63,39049005000,+39.9539794,-083.0297042,3.0
81,39049006310,+40.0383407,-083.0826530,187,39049008120,+39.9469893,-083.1294798,3.0
81,39049006310,+40.0383407,-083.0826530,193,39049008163,+39.9404250,-083.1362465,3.0
82,39049006321,+40.0375261,-083.0573697,59,39049004700,+39.9501843,-083.0636491,3.0
82,39049006321,+40.0375261,-083.0573697,117,39049006933,+40.0634418,-082.9653429,3.0
82,39049006321,+40.0375261,-083.0573697,188,39049008132,+39.9413151,-083.1492604,2.0
83,39049006323,+40.0250624,-083.0552462,90,39049006372,+40.0696870,-083.0994840,3.0
83,39049006323,+40.0250624,-083.0552462,160,39049007520,+40.0176977,-082.9471745,3.0
84,39049006330,+40.0233539,-083.0819291,194,39049008164,+39.9338674,-083.1338778,2.0
84,39049006330,+40.0233539,-083.0819291,197,39049008241,+39.9766892,-083.0785065,1.0
84,39049006330,+40.0233539,-083.0819291,205,39049008350,+39.9244034,-083.1061950,2.0
84,39049006330,+40.0233539,-083.0819291,276,39049010200,+39.8881595,-082.8310039,3.0
85,39049006340,+40.0552770,-083.0809396,63,39049005000,+39.9539794,-083.0297042,2.0
85,39049006340,+40.0552770,-083.0809396,90,39049006372,+40.0696870,-083.0994840,1.0
85,39049006340,+40.0552770,-083.0809396,115,39049006931,+40.0817154,-082.9672126,2.0
85,39049006340,+40.0552770,-083.0809396,164,39049007534,+40.0325524,-082.9464802,3.0
86,39049006351,+40.0664173,-083.0541570,38,39049002600,+39.9883334,-082.9252448,3.0
87,39049006352,+40.0552211,-083.0504838,51,39049003700,+39.9627013,-082.9535872,3.0
87,39049006352,+40.0552211,-083.0504838,136,39049007132,+40.0701570,-082.8813197,2.0
88,39049006353,+40.0585940,-083.0694503,77,39049006100,+39.9255085,-082.9905758,3.0
88,39049006353,+40.0585940,-083.0694503,79,39049006230,+40.0793948,-083.1737874,3.0
88,39049006353,+40.0585940,-083.0694503,232,39049009323,+39.9407260,-082.8843405,1.0
88,39049006353,+40.0585940,-083.0694503,248,39049009374,+39.9255728,-082.8288008,2.0
89,39049006371,+40.0870733,-083.1021360,200,39049008312,+39.9352608,-083.0949072,3.0
92,39049006384,+40.1224839,-083.0743319,69,39049005500,+39.9460765,-082.9603156,3.0
92,39049006384,+40.1224839,-083.0743319,91,39049006383,+40.1225062,-083.0948987,3.0
93,39049006386,+40.1021432,-083.0837988,63,39049005000,+39.9539794,-083.0297042,1.0
93,39049006386,+40.1021432,-083.0837988,134,39049007115,+40.0869438,-082.9401113,2.0
94,39049006387,+40.0959965,-083.0659622,192,39049008162,+39.9193520,-083.1964122,3.0
95,39049006391,+40.1265761,-083.0491177,184,39049007954,+39.9957830,-083.1449176,2.0
96,39049006392,+40.1023122,-083.0452464,38,39049002600,+39.9883334,-082.9252448,3.0
96,39049006392,+40.1023122,-083.0452464,232,39049009323,+39.9407260,-082.8843405,3.0
97,39049006393,+40.1303171,-083.0824257,25,39049001500,+39.9916118,-082.9778815,1.0
97,39049006393,+40.1303171,-083.0824257,194,39049008164,+39.9338674,-083.1338778,3.0
97,39049006393,+40.1303171,-083.0824257,200,39049008312,+39.9352608,-083.0949072,2.0
97,39049006393,+40.1303171,-083.0824257,225,39049009230,+39.9638341,-082.8914879,3.0
98,39049006394,+40.1322646,-083.0662326,63,39049005000,+39.9539794,-083.0297042,3.0
98,39049006394,+40.1322646,-083.0662326,99,39049006395,+40.0703960,-083.0864651,3.0
98,39049006394,+40.1322646,-083.0662326,131,39049007112,+40.0723936,-082.9426101,2.0
101,39049006410,+40.0117459,-083.0823861,91,39049006383,+40.1225062,-083.0948987,3.0
101,39049006410,+40.0117459,-083.0823861,99,39049006395,+40.0703960,-083.0864651,3.0
101,39049006410,+40.0117459,-083.0823861,194,39049008164,+39.9338674,-083.1338778,3.0
101,39049006410,+40.0117459,-083.0823861,233,39049009325,+39.9269569,-082.8814506,2.0
102,39049006430,+40.0134617,-083.0590157,164,39049007534,+40.0325524,-082.9464802,3.0
102,39049006430,+40.0134617,-083.0590157,193,39049008163,+39.9404250,-083.1362465,3.0
102,39049006430,+40.0134617,-083.0590157,205,39049008350,+39.9244034,-083.1061950,2.0
103,39049006500,+40.0045889,-083.0676698,115,39049006931,+40.0817154,-082.9672126,3.0
103,39049006500,+40.0045889,-083.0676698,164,39049007534,+40.0325524,-082.9464802,2.0
103,39049006500,+40.0045889,-083.0676698,190,39049008142,+39.9693378,-083.1406324,2.0
103,39049006500,+40.0045889,-083.0676698,197,39049008241,+39.9766892,-083.0785065,3.0
103,39049006500,+40.0045889,-083.0676698,198,39049008242,+39.9786000,-083.0960723,3.0
104,39049006600,+39.9961241,-083.0598240,223,39049009210,+39.9785878,-082.8767518,3.0
104,39049006600,+39.9961241,-083.0598240,233,39049009325,+39.9269569,-082.8814506,2.0
105,39049006710,+40.0876281,-083.0127650,188,39049008132,+39.9413151,-083.1492604,2.0
105,39049006710,+40.0876281,-083.0127650,205,39049008350,+39.9244034,-083.1061950,2.0
105,39049006710,+40.0876281,-083.0127650,258,39049009430,+39.8982554,-082.9094211,3.0
106,39049006721,+40.1027983,-083.0233041,198,39049008242,+39.9786000,-083.0960723,3.0
107,39049006722,+40.1018205,-083.0044050,134,39049007115,+40.0869438,-082.9401113,2.0
108,39049006810,+40.0786666,-083.0144828,128,39049007044,+40.1298195,-083.0048612,3.0
108,39049006810,+40.0786666,-083.0144828,184,39049007954,+39.9957830,-083.1449176,2.0
108,39049006810,+40.0786666,-083.0144828,187,39049008120,+39.9469893,-083.1294798,3.0
110,39049006822,+40.0732834,-083.0096995,109,39049006821,+40.0693498,-083.0255247,3.0
110,39049006822,+40.0732834,-083.0096995,184,39049007954,+39.9957830,-083.1449176,2.0
111,39049006910,+40.0876272,-083.0262338,88,39049006353,+40.0585940,-083.0694503,3.0
111,39049006910,+40.0876272,-083.0262338,164,39049007534,+40.0325524,-082.9464802,2.0
113,39049006923,+40.0792490,-082.9818481,13,39049000730,+40.0050776,-082.9736696,2.0
116,39049006932,+40.0729849,-082.9636949,192,39049008162,+39.9193520,-083.1964122,3.0
117,39049006933,+40.0634418,-082.9653429,47,39049002900,+39.9757645,-082.9751700,2.0
117,39049006933,+40.0634418,-082.9653429,265,39049009600,+39.8889368,-083.1000182,3.0
118,39049006942,+40.1036971,-082.9732565,88,39049006353,+40.0585940,-083.0694503,3.0
119,39049006943,+40.0941594,-082.9793117,59,39049004700,+39.9501843,-083.0636491,3.0
119,39049006943,+40.0941594,-082.9793117,212,39049008720,+39.9252119,-082.9684863,3.0
121,39049006945,+40.0925469,-082.9580378,168,39049007721,+40.0550543,-082.9665635,3.0
122,39049006950,+40.0776045,-083.0417636,90,39049006372,+40.0696870,-083.0994840,2.0
122,39049006950,+40.0776045,-083.0417636,134,39049007115,+40.0869438,-082.9401113,2.0
122,39049006950,+40.0776045,-083.0417636,166,39049007551,+40.0258470,-082.9209676,2.0
122,39049006950,+40.0776045,-083.0417636,198,39049008242,+39.9786000,-083.0960723,3.0
123,39049006990,+40.1163349,-082.9624569,212,39049008720,+39.9252119,-082.9684863,3.0
124,39049007010,+40.1223381,-082.9372982,116,39049006932,+40.0729849,-082.9636949,3.0
124,39049007010,+40.1223381,-082.9372982,194,39049008164,+39.9338674,-083.1338778,3.0
125,39049007020,+40.1247148,-082.9196787,205,39049008350,+39.9244034,-083.1061950,2.0
126,39049007041,+40.1251267,-083.0271966,16,39049000910,+40.0162410,-082.9733326,2.0
126,39049007041,+40.1251267,-083.0271966,51,39049003700,+39.9627013,-082.9535872,3.0
126,39049007041,+40.1251267,-083.0271966,190,39049008142,+39.9693378,-083.1406324,2.0
127,39049007043,+40.1206430,-083.0071528,225,39049009230,+39.9638341,-082.8914879,3.0
128,39049007044,+40.1298195,-083.0048612,131,39049007112,+40.0723936,-082.9426101,2.0
129,39049007047,+40.1228600,-082.9805908,18,39049001000,+40.0096828,-083.0031623,3.0
129,39049007047,+40.1228600,-082.9805908,150,39049007395,+39.9905848,-082.8081891,3.0
130,39049007048,+40.1254270,-082.9851873,131,39049007112,+40.0723936,-082.9426101,2.0
131,39049007112,+40.0723936,-082.9426101,16,39049000910,+40.0162410,-082.9733326,3.0
133,39049007114,+40.0985160,-082.9354723,117,39049006933,+40.0634418,-082.9653429,3.0
134,39049007115,+40.0869438,-082.9401113,260,39049009450,+39.8465890,-082.8213099,3.0
135,39049007120,+40.0895063,-082.9203645,47,39049002900,+39.9757645,-082.9751700,2.0
135,39049007120,+40.0895063,-082.9203645,59,39049004700,+39.9501843,-083.0636491,3.0
135,39049007120,+40.0895063,-082.9203645,79,39049006230,+40.0793948,-083.1737874,3.0
135,39049007120,+40.0895063,-082.9203645,99,39049006395,+40.0703960,-083.0864651,3.0
135,39049007120,+40.0895063,-082.9203645,155,39049007427,+40.0046374,-082.8564221,3.0
135,39049007120,+40.0895063,-082.9203645,248,39049009374,+39.9255728,-082.8288008,3.0
136,39049007132,+40.0701570,-082.8813197,134,39049007115,+40.0869438,-082.9401113,2.0
136,39049007132,+40.0701570,-082.8813197,199,39049008311,+39.9417347,-083.1024707,3.0
136,39049007132,+40.0701570,-082.8813197,247,39049009373,+39.9147343,-082.8492315,3.0
137,39049007193,+40.1184334,-082.9018765,134,39049007115,+40.0869438,-082.9401113,2.0
137,39049007193,+40.1184334,-082.9018765,191,39049008161,+39.9003778,-083.1397256,3.0
137,39049007193,+40.1184334,-082.9018765,258,39049009430,+39.8982554,-082.9094211,3.0
137,39049007193,+40.1184334,-082.9018765,260,39049009450,+39.8465890,-082.8213099,3.0
138,39049007194,+40.1068180,-082.9057820,240,39049009337,+39.9212215,-082.9106815,3.0
139,39049007198,+40.0892757,-082.9005496,90,39049006372,+40.0696870,-083.0994840,2.0
140,39049007199,+40.0673107,-082.9170110,160,39049007520,+40.0176977,-082.9471745,1.0
140,39049007199,+40.0673107,-082.9170110,168,39049007721,+40.0550543,-082.9665635,2.0
140,39049007199,+40.0673107,-082.9170110,199,39049008311,+39.9417347,-083.1024707,3.0
141,39049007201,+40.1188299,-082.8262954,198,39049008242,+39.9786000,-083.0960723,3.0
142,39049007202,+40.0697233,-082.8974052,16,39049000910,+40.0162410,-082.9733326,2.0
142,39049007202,+40.0697233,-082.8974052,51,39049003700,+39.9627013,-082.9535872,3.0
142,39049007202,+40.0697233,-082.8974052,55,39049004300,+39.9690009,-083.0471008,3.0
143,39049007203,+40.1035238,-082.7858075,47,39049002900,+39.9757645,-082.9751700,2.0
144,39049007205,+40.1023526,-082.8243132,131,39049007112,+40.0723936,-082.9426101,2.0
144,39049007205,+40.1023526,-082.8243132,155,39049007427,+40.0046374,-082.8564221,3.0
146,39049007209,+40.0672159,-082.8541782,134,39049007115,+40.0869438,-082.9401113,2.0
146,39049007209,+40.0672159,-082.8541782,155,39049007427,+40.0046374,-082.8564221,3.0
146,39049007209,+40.0672159,-082.8541782,265,39049009600,+39.8889368,-083.1000182,3.0
147,39049007210,+40.0702610,-082.8021130,25,39049001500,+39.9916118,-082.9778815,3.0
148,39049007393,+40.0423174,-082.8434933,79,39049006230,+40.0793948,-083.1737874,3.0
149,39049007394,+40.0367876,-082.8100129,47,39049002900,+39.9757645,-082.9751700,2.0
149,39049007394,+40.0367876,-082.8100129,248,39049009374,+39.9255728,-082.8288008,3.0
149,39049007394,+40.0367876,-082.8100129,258,39049009430,+39.8982554,-082.9094211,3.0
150,39049007395,+39.9905848,-082.8081891,38,39049002600,+39.9883334,-082.9252448,3.0
151,39049007396,+40.0133020,-082.7937913,193,39049008163,+39.9404250,-083.1362465,3.0
153,39049007425,+40.0158911,-082.8861486,115,39049006931,+40.0817154,-082.9672126,1.0
153,39049007425,+40.0158911,-082.8861486,155,39049007427,+40.0046374,-082.8564221,2.0
154,39049007426,+40.0206642,-082.8720283,18,39049001000,+40.0096828,-083.0031623,1.0
154,39049007426,+40.0206642,-082.8720283,59,39049004700,+39.9501843,-083.0636491,2.0
155,39049007427,+40.0046374,-082.8564221,117,39049006933,+40.0634418,-082.9653429,3.0
156,39049007492,+40.0367471,-082.8798616,248,39049009374,+39.9255728,-082.8288008,3.0
157,39049007494,+40.0432805,-082.8990668,200,39049008312,+39.9352608,-083.0949072,3.0
158,39049007511,+40.0076485,-082.9586431,89,39049006371,+40.0870733,-083.1021360,2.0
158,39049007511,+40.0076485,-082.9586431,187,39049008120,+39.9469893,-083.1294798,3.0
158,39049007511,+40.0076485,-082.9586431,190,39049008142,+39.9693378,-083.1406324,2.0
158,39049007511,+40.0076485,-082.9586431,249,39049009381,+39.9689202,-082.8132180,2.0
158,39049007511,+40.0076485,-082.9586431,279,39049010500,+40.1098381,-083.1427495,2.0
159,39049007512,+40.0055628,-082.9453970,245,39049009371,+39.9432855,-082.8386795,3.0
159,39049007512,+40.0055628,-082.9453970,269,39049009740,+39.8422511,-083.0395690,3.0
160,39049007520,+40.0176977,-082.9471745,174,39049007820,+40.0219457,-083.0264862,2.0
160,39049007520,+40.0176977,-082.9471745,232,39049009323,+39.9407260,-082.8843405,3.0
161,39049007531,+40.0504182,-082.9485901,90,39049006372,+40.0696870,-083.0994840,3.0
161,39049007531,+40.0504182,-082.9485901,151,39049007396,+40.0133020,-082.7937913,3.0
161,39049007531,+40.0504182,-082.9485901,223,39049009210,+39.9785878,-082.8767518,3.0
162,39049007532,+40.0539581,-082.9324823,109,39049006821,+40.0693498,-083.0255247,3.0
162,39049007532,+40.0539581,-082.9324823,278,39049010400,+40.1246594,-083.1607484,3.0
163,39049007533,+40.0432565,-082.9404231,56,39049004500,+39.9583312,-083.0663570,3.0
163,39049007533,+40.0432565,-082.9404231,88,39049006353,+40.0585940,-083.0694503,1.0
163,39049007533,+40.0432565,-082.9404231,91,39049006383,+40.1225062,-083.0948987,2.0
163,39049007533,+40.0432565,-082.9404231,278,39049010400,+40.1246594,-083.1607484,2.0
165,39049007550,+40.0090840,-082.9265142,77,39049006100,+39.9255085,-082.9905758,3.0
165,39049007550,+40.0090840,-082.9265142,146,39049007209,+40.0672159,-082.8541782,3.0
165,39049007550,+40.0090840,-082.9265142,151,39049007396,+40.0133020,-082.7937913,1.0
165,39049007550,+40.0090840,-082.9265142,269,39049009740,+39.8422511,-083.0395690,2.0
166,39049007551,+40.0258470,-082.9209676,47,39049002900,+39.9757645,-082.9751700,2.0
167,39049007710,+40.0368608,-082.9675738,25,39049001500,+39.9916118,-082.9778815,3.0
167,39049007710,+40.0368608,-082.9675738,192,39049008162,+39.9193520,-083.1964122,3.0
167,39049007710,+40.0368608,-082.9675738,200,39049008312,+39.9352608,-083.0949072,3.0
168,39049007721,+40.0550543,-082.9665635,206,39049008360,+39.9230633,-083.0800991,3.0
169,39049007722,+40.0461955,-082.9656433,13,39049000730,+40.0050776,-082.9736696,2.0
169,39049007722,+40.0461955,-082.9656433,116,39049006932,+40.0729849,-082.9636949,3.0
170,39049007730,+40.0574480,-082.9892105,191,39049008161,+39.9003778,-083.1397256,3.0
170,39049007730,+40.0574480,-082.9892105,199,39049008311,+39.9417347,-083.1024707,3.0
171,39049007740,+40.0509642,-082.9825778,184,39049007954,+39.9957830,-083.1449176,2.0
172,39049007811,+40.0347566,-083.0435104,188,39049008132,+39.9413151,-083.1492604,2.0
173,39049007812,+40.0471725,-083.0367429,69,39049005500,+39.9460765,-082.9603156,3.0
174,39049007820,+40.0219457,-083.0264862,16,39049000910,+40.0162410,-082.9733326,3.0
174,39049007820,+40.0219457,-083.0264862,265,39049009600,+39.8889368,-083.1000182,1.0
175,39049007830,+39.9953693,-083.0355789,109,39049006821,+40.0693498,-083.0255247,3.0
175,39049007830,+39.9953693,-083.0355789,196,39049008230,+39.9464381,-083.1161246,3.0
175,39049007830,+39.9953693,-083.0355789,206,39049008360,+39.9230633,-083.0800991,3.0
175,39049007830,+39.9953693,-083.0355789,276,39049010200,+39.8881595,-082.8310039,3.0
176,39049007921,+40.0441063,-083.1789442,59,39049004700,+39.9501843,-083.0636491,3.0
176,39049007921,+40.0441063,-083.1789442,97,39049006393,+40.1303171,-083.0824257,3.0
176,39049007921,+40.0441063,-083.1789442,134,39049007115,+40.0869438,-082.9401113,2.0
178,39049007931,+40.0253682,-083.1355656,88,39049006353,+40.0585940,-083.0694503,3.0
179,39049007933,+40.0119985,-083.1428610,51,39049003700,+39.9627013,-082.9535872,3.0
179,39049007933,+40.0119985,-083.1428610,90,39049006372,+40.0696870,-083.0994840,3.0
180,39049007941,+40.0007972,-083.1005867,205,39049008350,+39.9244034,-083.1061950,2.0
181,39049007951,+40.0550510,-083.1135739,16,39049000910,+40.0162410,-082.9733326,3.0
181,39049007951,+40.0550510,-083.1135739,121,39049006945,+40.0925469,-082.9580378,3.0
182,39049007952,+40.0303526,-083.1115570,193,39049008163,+39.9404250,-083.1362465,3.0
185,39049008000,+40.0030031,-083.2274453,190,39049008142,+39.9693378,-083.1406324,2.0
185,39049008000,+40.0030031,-083.2274453,196,39049008230,+39.9464381,-083.1161246,3.0
187,39049008120,+39.9469893,-083.1294798,131,39049007112,+40.0723936,-082.9426101,2.0
187,39049008120,+39.9469893,-083.1294798,212,39049008720,+39.9252119,-082.9684863,3.0
188,39049008132,+39.9413151,-083.1492604,199,39049008311,+39.9417347,-083.1024707,3.0
189,39049008141,+39.9588934,-083.1705113,25,39049001500,+39.9916118,-082.9778815,3.0
189,39049008141,+39.9588934,-083.1705113,240,39049009337,+39.9212215,-082.9106815,2.0
190,39049008142,+39.9693378,-083.1406324,47,39049002900,+39.9757645,-082.9751700,2.0
190,39049008142,+39.9693378,-083.1406324,192,39049008162,+39.9193520,-083.1964122,3.0
190,39049008142,+39.9693378,-083.1406324,232,39049009323,+39.9407260,-082.8843405,3.0
190,39049008142,+39.9693378,-083.1406324,260,39049009450,+39.8465890,-082.8213099,3.0
191,39049008161,+39.9003778,-083.1397256,47,39049002900,+39.9757645,-082.9751700,2.0
191,39049008161,+39.9003778,-083.1397256,116,39049006932,+40.0729849,-082.9636949,3.0
193,39049008163,+39.9404250,-083.1362465,206,39049008360,+39.9230633,-083.0800991,3.0
194,39049008164,+39.9338674,-083.1338778,168,39049007721,+40.0550543,-082.9665635,3.0
194,39049008164,+39.9338674,-083.1338778,193,39049008163,+39.9404250,-083.1362465,3.0
195,39049008210,+39.9613051,-083.1031846,38,39049002600,+39.9883334,-082.9252448,3.0
195,39049008210,+39.9613051,-083.1031846,199,39049008311,+39.9417347,-083.1024707,1.0
195,39049008210,+39.9613051,-083.1031846,205,39049008350,+39.9244034,-083.1061950,2.0
195,39049008210,+39.9613051,-083.1031846,206,39049008360,+39.9230633,-083.0800991,2.0
195,39049008210,+39.9613051,-083.1031846,225,39049009230,+39.9638341,-082.8914879,3.0
195,39049008210,+39.9613051,-083.1031846,240,39049009337,+39.9212215,-082.9106815,2.0
195,39049008210,+39.9613051,-083.1031846,265,39049009600,+39.8889368,-083.1000182,3.0
195,39049008210,+39.9613051,-083.1031846,276,39049010200,+39.8881595,-082.8310039,3.0
196,39049008230,+39.9464381,-083.1161246,174,39049007820,+40.0219457,-083.0264862,3.0
196,39049008230,+39.9464381,-083.1161246,212,39049008720,+39.9252119,-082.9684863,3.0
197,39049008241,+39.9766892,-083.0785065,79,39049006230,+40.0793948,-083.1737874,3.0
197,39049008241,+39.9766892,-083.0785065,249,39049009381,+39.9689202,-082.8132180,2.0
198,39049008242,+39.9786000,-083.0960723,168,39049007721,+40.0550543,-082.9665635,3.0
200,39049008312,+39.9352608,-083.0949072,191,39049008161,+39.9003778,-083.1397256,3.0
201,39049008321,+39.9364936,-083.0826451,77,39049006100,+39.9255085,-082.9905758,3.0
201,39049008321,+39.9364936,-083.0826451,190,39049008142,+39.9693378,-083.1406324,2.0
202,39049008322,+39.9339285,-083.0652475,134,39049007115,+40.0869438,-082.9401113,2.0
202,39049008322,+39.9339285,-083.0652475,160,39049007520,+40.0176977,-082.9471745,3.0
203,39049008330,+39.9367638,-083.0447325,188,39049008132,+39.9413151,-083.1492604,2.0
203,39049008330,+39.9367638,-083.0447325,278,39049010400,+40.1246594,-083.1607484,2.0
204,39049008340,+39.9247568,-083.0331913,51,39049003700,+39.9627013,-082.9535872,3.0
205,39049008350,+39.9244034,-083.1061950,47,39049002900,+39.9757645,-082.9751700,2.0
205,39049008350,+39.9244034,-083.1061950,192,39049008162,+39.9193520,-083.1964122,3.0
205,39049008350,+39.9244034,-083.1061950,212,39049008720,+39.9252119,-082.9684863,3.0
205,39049008350,+39.9244034,-083.1061950,225,39049009230,+39.9638341,-082.8914879,3.0
206,39049008360,+39.9230633,-083.0800991,99,39049006395,+40.0703960,-083.0864651,3.0
207,39049008370,+39.9082664,-083.0769075,88,39049006353,+40.0585940,-083.0694503,1.0
207,39049008370,+39.9082664,-083.0769075,115,39049006931,+40.0817154,-082.9672126,2.0
208,39049008380,+39.9014345,-083.0276848,91,39049006383,+40.1225062,-083.0948987,3.0
208,39049008380,+39.9014345,-083.0276848,121,39049006945,+40.0925469,-082.9580378,3.0
209,39049008400,+39.9808257,-083.0549324,18,39049001000,+40.0096828,-083.0031623,1.0
209,39049008400,+39.9808257,-083.0549324,77,39049006100,+39.9255085,-082.9905758,2.0
209,39049008400,+39.9808257,-083.0549324,99,39049006395,+40.0703960,-083.0864651,3.0
209,39049008400,+39.9808257,-083.0549324,190,39049008142,+39.9693378,-083.1406324,2.0
209,39049008400,+39.9808257,-083.0549324,197,39049008241,+39.9766892,-083.0785065,3.0
210,39049008500,+39.9754916,-083.0332482,265,39049009600,+39.8889368,-083.1000182,2.0
212,39049008720,+39.9252119,-082.9684863,150,39049007395,+39.9905848,-082.8081891,3.0
212,39049008720,+39.9252119,-082.9684863,206,39049008360,+39.9230633,-083.0800991,3.0
213,39049008730,+39.9241408,-082.9439885,109,39049006821,+40.0693498,-083.0255247,1.0
213,39049008730,+39.9241408,-082.9439885,136,39049007132,+40.0701570,-082.8813197,2.0
213,39049008730,+39.9241408,-082.9439885,174,39049007820,+40.0219457,-083.0264862,3.0
213,39049008730,+39.9241408,-082.9439885,225,39049009230,+39.9638341,-082.8914879,3.0
213,39049008730,+39.9241408,-082.9439885,258,39049009430,+39.8982554,-082.9094211,2.0
214,39049008811,+39.9076058,-082.9747611,25,39049001500,+39.9916118,-082.9778815,2.0
214,39049008811,+39.9076058,-082.9747611,233,39049009325,+39.9269569,-082.8814506,2.0
214,39049008811,+39.9076058,-082.9747611,240,39049009337,+39.9212215,-082.9106815,3.0
215,39049008812,+39.9109973,-082.9391043,131,39049007112,+40.0723936,-082.9426101,2.0
215,39049008812,+39.9109973,-082.9391043,279,39049010500,+40.1098381,-083.1427495,2.0
216,39049008813,+39.8964713,-082.9549140,128,39049007044,+40.1298195,-083.0048612,3.0
216,39049008813,+39.8964713,-082.9549140,166,39049007551,+40.0258470,-082.9209676,3.0
216,39049008813,+39.8964713,-082.9549140,245,39049009371,+39.9432855,-082.8386795,3.0
217,39049008821,+39.9101106,-083.0026742,184,39049007954,+39.9957830,-083.1449176,2.0
218,39049008822,+39.8864069,-083.0055863,150,39049007395,+39.9905848,-082.8081891,3.0
220,39049008900,+39.9536781,-082.9331089,232,39049009323,+39.9407260,-082.8843405,3.0
221,39049009000,+39.9701797,-082.9382303,131,39049007112,+40.0723936,-082.9426101,2.0
224,39049009220,+39.9622550,-082.8994151,190,39049008142,+39.9693378,-083.1406324,2.0
224,39049009220,+39.9622550,-082.8994151,249,39049009381,+39.9689202,-082.8132180,2.0
227,39049009250,+39.9581858,-082.8813672,79,39049006230,+40.0793948,-083.1737874,3.0
227,39049009250,+39.9581858,-082.8813672,146,39049007209,+40.0672159,-082.8541782,3.0
227,39049009250,+39.9581858,-082.8813672,206,39049008360,+39.9230633,-083.0800991,3.0
227,39049009250,+39.9581858,-082.8813672,249,39049009381,+39.9689202,-082.8132180,2.0
228,39049009311,+39.9498346,-082.8643584,168,39049007721,+40.0550543,-082.9665635,3.0
228,39049009311,+39.9498346,-082.8643584,260,39049009450,+39.8465890,-082.8213099,3.0
230,39049009321,+39.9489605,-082.8916793,115,39049006931,+40.0817154,-082.9672126,3.0
230,39049009321,+39.9489605,-082.8916793,166,39049007551,+40.0258470,-082.9209676,2.0
231,39049009322,+39.9442284,-082.8753962,160,39049007520,+40.0176977,-082.9471745,3.0
232,39049009323,+39.9407260,-082.8843405,150,39049007395,+39.9905848,-082.8081891,3.0
233,39049009325,+39.9269569,-082.8814506,245,39049009371,+39.9432855,-082.8386795,3.0
234,39049009326,+39.9211238,-082.8701821,151,39049007396,+40.0133020,-082.7937913,2.0
235,39049009331,+39.9478520,-082.9012011,13,39049000730,+40.0050776,-082.9736696,2.0
235,39049009331,+39.9478520,-082.9012011,63,39049005000,+39.9539794,-083.0297042,2.0
235,39049009331,+39.9478520,-082.9012011,136,39049007132,+40.0701570,-082.8813197,2.0
236,39049009332,+39.9375277,-082.9231700,121,39049006945,+40.0925469,-082.9580378,3.0
236,39049009332,+39.9375277,-082.9231700,155,39049007427,+40.0046374,-082.8564221,3.0
236,39049009332,+39.9375277,-082.9231700,188,39049008132,+39.9413151,-083.1492604,2.0
236,39049009332,+39.9375277,-082.9231700,269,39049009740,+39.8422511,-083.0395690,3.0
237,39049009333,+39.9425332,-082.9044735,77,39049006100,+39.9255085,-082.9905758,3.0
238,39049009334,+39.9374948,-082.9012468,116,39049006932,+40.0729849,-082.9636949,2.0
238,39049009334,+39.9374948,-082.9012468,150,39049007395,+39.9905848,-082.8081891,1.0
238,39049009334,+39.9374948,-082.9012468,151,39049007396,+40.0133020,-082.7937913,2.0
239,39049009336,+39.9223574,-082.9254787,13,39049000730,+40.0050776,-082.9736696,2.0
239,39049009336,+39.9223574,-082.9254787,56,39049004500,+39.9583312,-083.0663570,3.0
239,39049009336,+39.9223574,-082.9254787,115,39049006931,+40.0817154,-082.9672126,3.0
239,39049009336,+39.9223574,-082.9254787,194,39049008164,+39.9338674,-083.1338778,3.0
241,39049009340,+39.9590753,-082.8683550,88,39049006353,+40.0585940,-083.0694503,3.0
242,39049009350,+39.9641055,-082.8638367,13,39049000730,+40.0050776,-082.9736696,2.0
242,39049009350,+39.9641055,-082.8638367,51,39049003700,+39.9627013,-082.9535872,3.0
244,39049009362,+39.9661587,-082.8297284,245,39049009371,+39.9432855,-082.8386795,3.0
245,39049009371,+39.9432855,-082.8386795,91,39049006383,+40.1225062,-083.0948987,3.0
246,39049009372,+39.9253212,-082.8534211,258,39049009430,+39.8982554,-082.9094211,3.0
247,39049009373,+39.9147343,-082.8492315,160,39049007520,+40.0176977,-082.9471745,3.0
248,39049009374,+39.9255728,-082.8288008,10,39049000600,+40.0158960,-083.0059730,2.0
248,39049009374,+39.9255728,-082.8288008,191,39049008161,+39.9003778,-083.1397256,3.0
248,39049009374,+39.9255728,-082.8288008,199,39049008311,+39.9417347,-083.1024707,1.0
248,39049009374,+39.9255728,-082.8288008,200,39049008312,+39.9352608,-083.0949072,3.0
249,39049009381,+39.9689202,-082.8132180,206,39049008360,+39.9230633,-083.0800991,3.0
250,39049009382,+39.9638940,-082.8004992,240,39049009337,+39.9212215,-082.9106815,2.0
251,39049009383,+39.9483552,-082.8237323,16,39049000910,+40.0162410,-082.9733326,2.0
251,39049009383,+39.9483552,-082.8237323,63,39049005000,+39.9539794,-083.0297042,2.0
251,39049009383,+39.9483552,-082.8237323,200,39049008312,+39.9352608,-083.0949072,3.0
251,39049009383,+39.9483552,-082.8237323,240,39049009337,+39.9212215,-082.9106815,3.0
251,39049009383,+39.9483552,-082.8237323,247,39049009373,+39.9147343,-082.8492315,1.0
252,39049009384,+39.9505192,-082.8120628,150,39049007395,+39.9905848,-082.8081891,3.0
252,39049009384,+39.9505192,-082.8120628,279,39049010500,+40.1098381,-083.1427495,2.0
254,39049009386,+39.9370382,-082.8200965,89,39049006371,+40.0870733,-083.1021360,3.0
254,39049009386,+39.9370382,-082.8200965,223,39049009210,+39.9785878,-082.8767518,3.0
256,39049009410,+39.9112865,-082.8572832,134,39049007115,+40.0869438,-082.9401113,2.0
258,39049009430,+39.8982554,-082.9094211,168,39049007721,+40.0550543,-082.9665635,3.0
258,39049009430,+39.8982554,-082.9094211,196,39049008230,+39.9464381,-083.1161246,1.0
258,39049009430,+39.8982554,-082.9094211,200,39049008312,+39.9352608,-083.0949072,3.0
258,39049009430,+39.8982554,-082.9094211,225,39049009230,+39.9638341,-082.8914879,2.0
259,39049009440,+39.8536605,-082.8869335,69,39049005500,+39.9460765,-082.9603156,3.0
259,39049009440,+39.8536605,-082.8869335,249,39049009381,+39.9689202,-082.8132180,2.0
260,39049009450,+39.8465890,-082.8213099,160,39049007520,+40.0176977,-082.9471745,2.0
260,39049009450,+39.8465890,-082.8213099,191,39049008161,+39.9003778,-083.1397256,1.0
261,39049009495,+39.8647050,-082.9043670,51,39049003700,+39.9627013,-082.9535872,1.0
261,39049009495,+39.8647050,-082.9043670,160,39049007520,+40.0176977,-082.9471745,2.0
262,39049009497,+39.8269365,-082.8628120,89,39049006371,+40.0870733,-083.1021360,3.0
262,39049009497,+39.8269365,-082.8628120,136,39049007132,+40.0701570,-082.8813197,2.0
262,39049009497,+39.8269365,-082.8628120,184,39049007954,+39.9957830,-083.1449176,2.0
262,39049009497,+39.8269365,-082.8628120,233,39049009325,+39.9269569,-082.8814506,2.0
262,39049009497,+39.8269365,-082.8628120,278,39049010400,+40.1246594,-083.1607484,3.0
263,39049009520,+39.8861327,-082.9518240,223,39049009210,+39.9785878,-082.8767518,3.0
263,39049009520,+39.8861327,-082.9518240,248,39049009374,+39.9255728,-082.8288008,3.0
264,39049009590,+39.8400430,-082.9762442,128,39049007044,+40.1298195,-083.0048612,3.0
264,39049009590,+39.8400430,-082.9762442,166,39049007551,+40.0258470,-082.9209676,1.0
264,39049009590,+39.8400430,-082.9762442,193,39049008163,+39.9404250,-083.1362465,3.0
264,39049009590,+39.8400430,-082.9762442,276,39049010200,+39.8881595,-082.8310039,2.0
265,39049009600,+39.8889368,-083.1000182,191,39049008161,+39.9003778,-083.1397256,1.0
265,39049009600,+39.8889368,-083.1000182,196,39049008230,+39.9464381,-083.1161246,2.0
267,39049009712,+39.8800429,-083.0757550,146,39049007209,+40.0672159,-082.8541782,3.0
267,39049009712,+39.8800429,-083.0757550,166,39049007551,+40.0258470,-082.9209676,3.0
267,39049009712,+39.8800429,-083.0757550,233,39049009325,+39.9269569,-082.8814506,2.0
268,39049009720,+39.8881942,-083.0612701,121,39049006945,+40.0925469,-082.9580378,3.0
270,39049009751,+39.8366574,-083.1082085,187,39049008120,+39.9469893,-083.1294798,3.0
270,39049009751,+39.8366574,-083.1082085,198,39049008242,+39.9786000,-083.0960723,3.0
270,39049009751,+39.8366574,-083.1082085,265,39049009600,+39.8889368,-083.1000182,3.0
271,39049009752,+39.8847452,-083.1106339,47,39049002900,+39.9757645,-082.9751700,2.0
272,39049009800,+39.8569401,-083.1856418,245,39049009371,+39.9432855,-082.8386795,3.0
273,39049009900,+40.1006376,-082.9891185,121,39049006945,+40.0925469,-082.9580378,3.0
273,39049009900,+40.1006376,-082.9891185,136,39049007132,+40.0701570,-082.8813197,2.0
275,39049010100,+40.0443362,-082.9168671,55,39049004300,+39.9690009,-083.0471008,3.0
275,39049010100,+40.0443362,-082.9168671,63,39049005000,+39.9539794,-083.0297042,3.0
275,39049010100,+40.0443362,-082.9168671,136,39049007132,+40.0701570,-082.8813197,2.0
276,39049010200,+39.8881595,-082.8310039,117,39049006933,+40.0634418,-082.9653429,1.0
276,39049010200,+39.8881595,-082.8310039,196,39049008230,+39.9464381,-083.1161246,2.0
280,39049010601,+40.0163275,-083.1769421,18,39049001000,+40.0096828,-083.0031623,3.0
280,39049010601,+40.0163275,-083.1769421,91,39049006383,+40.1225062,-083.0948987,3.0
280,39049010601,+40.0163275,-083.1769421,240,39049009337,+39.9212215,-082.9106815,1.0
280,39049010601,+40.0163275,-083.1769421,248,39049009374,+39.9255728,-082.8288008,2.0
281,39049010602,+40.0176505,-083.1643271,13,39049000730,+40.0050776,-082.9736696,2.0
281,39049010602,+40.0176505,-083.1643271,51,39049003700,+39.9627013,-082.9535872,1.0
281,39049010602,+40.0176505,-083.1643271,59,39049004700,+39.9501843,-083.0636491,3.0
281,39049010602,+40.0176505,-083.1643271,79,39049006230,+40.0793948,-083.1737874,2.0
282,39049010700,+40.0659949,-083.0083600,136,39049007132,+40.0701570,-082.8813197,2.0
282,39049010700,+40.0659949,-083.0083600,184,39049007954,+39.9957830,-083.1449176,2.0
282,39049010700,+40.0659949,-083.0083600,194,39049008164,+39.9338674,-083.1338778,3.0
283,39049980000,+39.9934187,-082.8885328,20,39049001121,+39.9998914,-083.0128050,2.0
